fold,source_row_index,operation_type,prediction,reference,model_prompt,rouge_l_f1,text_similarity,prediction_length,reference_length,format_score,cautious_language,safety_score
1,5,merge,The calcium level in the blood is lower than the normal range. This may be related to the body's response to injury or other factors associated with the motor vehicle accident. Further evaluation is needed to determine the cause of this finding.,,,,,42,0,0.5,0.0,1.0
1,6,merge,"The blood chloride level is higher than the normal range. Chloride helps regulate the balance of fluids in the body. Elevated chloride levels can be seen in conditions such as dehydration, kidney problems, or as a result of certain medications. Further evaluation by a healthcare provider is needed to determine the cause of this result.",,,,,55,0,0.5,0.0,0.0
2,0,merge,"The blood pH level is lower than the normal range, which may indicate that the body is producing too much acid. This can be a sign of a serious condition, such as severe injury or illness, that may require immediate medical attention.",,,,,42,0,0.75,0.0,1.0
2,7,merge,The blood creatinine level is within the normal range. This suggests that the kidneys are functioning properly and are able to clear waste products from the blood effectively.,,,,,28,0,0.75,0.0,1.0
3,3,merge,The anion gap is a calculation that helps assess the balance of certain chemicals in the blood. A normal anion gap is typically between 3 and 12 milliequivalents per liter (mEq/L). The measured value of 10.0 mEq/L is within the normal range. This suggests that the balance of these chemicals in the blood appears to be within expected limits.,,,,,59,0,1.0,1.0,1.0
3,2,merge,The blood amylase level is within the normal range. Amylase is an enzyme produced by the pancreas and salivary glands. This result suggests that the pancreas and salivary glands are functioning normally.,,,,,32,0,0.75,0.0,1.0
4,4,merge,"The blood bicarbonate level is lower than the normal range. This may suggest that the body is not properly balancing its acid-base levels, which can be seen in conditions such as severe illness, severe injury, or severe breathing problems. Further testing and medical evaluation are needed to determine the cause.",,,,,50,0,1.0,1.0,1.0
4,9,merge,"The lactate dehydrogenase (LD) level in the blood is higher than the typical range. This enzyme is found in many body tissues, including the heart, liver, kidneys, and muscles. Elevated LD levels can be seen in various conditions, such as tissue damage or disease affecting these organs. Further testing and medical evaluation are needed to determine the cause of the elevated LD level.",,,,,63,0,0.75,0.0,1.0
5,1,merge,"The blood oxygen level, also known as pO2, is higher than the normal range. This suggests that there is an excess of oxygen in the blood. This may be due to various factors, such as supplemental oxygen therapy or a medical condition that affects gas exchange in the lungs. Further evaluation is needed to determine the cause of this abnormality.",,,,,60,0,0.5,0.0,0.0
5,8,merge,"The blood glucose level is higher than the normal range, which may indicate that the body is producing too much glucose or not using it effectively. This can be seen in conditions such as diabetes. However, more information is needed to understand the cause of this result.",,,,,47,0,0.75,0.0,1.0
